{"cameraMode":{"drawMode":0,"name":"Shaded","section":"Shading Mode"},"sceneLighting":true,"audioPlay":false,"sceneViewState":{"showFog":true,"showMaterialUpdate":false,"showSkybox":true,"showFlares":true,"showImageEffects":true,"showParticleSystems":true},"in2DMode":false,"pivot":{"x":-47.720001220703128,"y":1.0783333778381348,"z":-47.672000885009769},"rotation":{"x":0.5771056413650513,"y":-0.3548835217952728,"z":0.30619966983795168,"w":0.6688485145568848},"size":4.278966903686523,"orthographic":false}